{
	"type": "GenericCrafter",
	"name": "Metaglaphite crucible",
	"description": "Melts metaglass and graphite into metaglaphite.",
	"liquidCapacity": 50,
	"outputLiquid": {"liquid": "molten-metaglaphite", "amount": 6},
	"size": 2,
	"hasPower": true,
	"hasLiquids": true,
	"craftTime": 60,
	"updateEffect": "smeltsmoke",
	"consumes": {
		"power": 0.5,
		"items": {
                        "items":[
                       {"item":"graphite"},
                       {"item":"metaglass"}
                      ]}
                },
	"requirements": [
		{ "item": "silicon", "amount": 45 },
		{ "item": "graphite", "amount": 40 },
		{ "item": "metaglass", "amount": 50 }
	],
	"category": "crafting",
	"research": "cryofluidmixer",
	"idleSound": "respawning",
	"idleSoundVolume": 0.5
}
